{"cameraMode":{"drawMode":0,"name":"Shaded","section":"Shading Mode"},"sceneLighting":true,"audioPlay":false,"sceneViewState":{"m_AlwaysRefresh":false,"showFog":true,"showSkybox":true,"showFlares":true,"showImageEffects":true,"showParticleSystems":true,"showVisualEffectGraphs":true,"m_FxEnabled":true},"in2DMode":false,"pivot":{"x":-0.36765560507774355,"y":3.1881115436553957,"z":0.3667757511138916},"rotation":{"x":0.038634929805994037,"y":0.09211336821317673,"z":-0.0035806086380034687,"w":0.9950128197669983},"size":4.458677768707275,"orthographic":false}